Acipenser_schrenckii_13249292,Acipenser schrenckii,111304,ACIPSCHR,13249292,ACIPSCHR1,cystatin,0
Acipenser_sinensis_13249290,Acipenser sinensis,61970,ACIPSINE,13249290,ACIPSINE1,cystatin,0
A_contortix_603216,Agkistrodon contortrix,8720,AGKICONT,603216,AGKICONT1,svmp,1
A_contortrix_603214,Agkistrodon contortrix,8720,AGKICONT,603214,AGKICONT2,svmp,1
A_piscivorus_28972956,Agkistrodon piscivorus piscivorus,8716,AGKIPISC,28972956,AGKIPISC1,crisp,1
A_melanoleuca_301759252,Ailuropoda melanoleuca,9646,AILUMELA,301759252,AILUMELA1,crisp,0
Ailuropoda_melanoleuca_301759694,Ailuropoda melanoleuca,9646,AILUMELA,301759694,AILUMELA2,pla2,0
A_eydouxii_49472985,Aipysurus eydouxii,274825,AIPYEYDO,49472985,AIPYEYDO1,pla2,0
A_laevis_62401,Aipysurus laevis,8678,AIPYLAEV,62401,AIPYLAEV1,pla2,1
A_carolinensis_186659764,Anolis carolinensis,28377,ANOLCARO,186659764,ANOLCARO1,ngf,0
A_carolinensis_327264016,Anolis carolinensis,28377,ANOLCARO,327264016,ANOLCARO10,cystatin,0
Anolis_carol_327268933,Anolis carolinensis,28377,ANOLCARO,327268933,ANOLCARO10,pla2,0
A_carolinensis_327265740,Anolis carolinensis,28377,ANOLCARO,327265740,ANOLCARO11,hyaluronidase,0
Anolis_carol_327282641,Anolis carolinensis,28377,ANOLCARO,327282641,ANOLCARO11,pla2,0
A_carolinensis_327265744,Anolis carolinensis,28377,ANOLCARO,327265744,ANOLCARO12,hyaluronidase,0
Anolis_carol_327289885,Anolis carolinensis,28377,ANOLCARO,327289885,ANOLCARO12,pla2,0
A_carolinensis_327265746,Anolis carolinensis,28377,ANOLCARO,327265746,ANOLCARO13,hyaluronidase,0
A_carolinensis_327265868,Anolis carolinensis,28377,ANOLCARO,327265868,ANOLCARO14,hyaluronidase,0
A_carolinensis_327266253,Anolis carolinensis,28377,ANOLCARO,327266253,ANOLCARO15,lao,0
A_carolinensis_327266255,Anolis carolinensis,28377,ANOLCARO,327266255,ANOLCARO16,lao,0
A_carolinensis_327266257,Anolis carolinensis,28377,ANOLCARO,327266257,ANOLCARO17,lao,0
A_carolinensis_327266285,Anolis carolinensis,28377,ANOLCARO,327266285,ANOLCARO18,lao,0
A_carolinensis_327266287,Anolis carolinensis,28377,ANOLCARO,327266287,ANOLCARO19,lao,0
A_carolinensis_327260843,Anolis carolinensis,28377,ANOLCARO,327260843,ANOLCARO2,crisp,0
A_carolinensis_327270593,Anolis carolinensis,28377,ANOLCARO,327270593,ANOLCARO20,cystatin,0
A_carolinensis_327271561,Anolis carolinensis,28377,ANOLCARO,327271561,ANOLCARO21,ngf,0
A_carolinensis_327273198,Anolis carolinensis,28377,ANOLCARO,327273198,ANOLCARO22,hyaluronidase,0
A_carolinensis_327273200,Anolis carolinensis,28377,ANOLCARO,327273200,ANOLCARO23,hyaluronidase,0
A_carolinensis_327273202,Anolis carolinensis,28377,ANOLCARO,327273202,ANOLCARO24,hyaluronidase,0
A_carolinensis_327274757,Anolis carolinensis,28377,ANOLCARO,327274757,ANOLCARO25,svmp,0
A_carolinensis_327277545,Anolis carolinensis,28377,ANOLCARO,327277545,ANOLCARO26,svmp,0
A_carolinensis_327278211,Anolis carolinensis,28377,ANOLCARO,327278211,ANOLCARO27,lectin,0
A_carolinensis_327278213,Anolis carolinensis,28377,ANOLCARO,327278213,ANOLCARO28,lectin,0
A_carolinensis_327278710,Anolis carolinensis,28377,ANOLCARO,327278710,ANOLCARO29,cystatin,0
A_carolinensis_327260873,Anolis carolinensis,28377,ANOLCARO,327260873,ANOLCARO3,crisp,0
A_carolinensis_327284372,Anolis carolinensis,28377,ANOLCARO,327284372,ANOLCARO30,svmp,0
A_carolinensis_327285807,Anolis carolinensis,28377,ANOLCARO,327285807,ANOLCARO31,kallikrein,0
A_carolinensis_327285999,Anolis carolinensis,28377,ANOLCARO,327285999,ANOLCARO32,kallikrein,0
A_carolinensis_327286011,Anolis carolinensis,28377,ANOLCARO,327286011,ANOLCARO33,kallikrein,0
A_carolinensis_327286800,Anolis carolinensis,28377,ANOLCARO,327286800,ANOLCARO34,svmp,0
A_carolinensis_327278437,Anolis carolinensis,28377,ANOLCARO,327278437,ANOLCARO35,3ftx,0
A_carolinensis_327260875,Anolis carolinensis,28377,ANOLCARO,327260875,ANOLCARO4,crisp,0
A_carolinensis_327261110,Anolis carolinensis,28377,ANOLCARO,327261110,ANOLCARO5,crisp,0
A_carolinensis_327261112,Anolis carolinensis,28377,ANOLCARO,327261112,ANOLCARO6,crisp,0
A_carolinensis_327261201,Anolis carolinensis,28377,ANOLCARO,327261201,ANOLCARO7,crisp,0
A_carolinensis_327261268,Anolis carolinensis,28377,ANOLCARO,327261268,ANOLCARO8,svmp,0
A_carolinensis_327263988,Anolis carolinensis,28377,ANOLCARO,327263988,ANOLCARO9,cystatin,0
A_nitschei_190195300,Atheris nitschei,110224,ATHENITS,190195300,ATHENITS1,crisp,1
A_microlep_6007786,Atractaspis microlepidota andersoni,8600,ATRAMICR,6007786,ATRAMICR1,svmp,1
A_labialis_161138357,Austrelaps labialis,471292,AUSTLABI,161138357,AUSTLABI1,pla2,1
A_labialis_161138359,Austrelaps labialis,471292,AUSTLABI,161138359,AUSTLABI2,pla2,1
A_labialis_161138365,Austrelaps labialis,471292,AUSTLABI,161138365,AUSTLABI3,pla2,1
A_superbus_111572526,Austrelaps superbus,29156,AUSTSUPE,111572526,AUSTSUPE1,svmp,1
A_superbus_158262801,Austrelaps superbus,29156,AUSTSUPE,158262801,AUSTSUPE2,crisp,1
Austr_superbus_184128090,Austrelaps superbus,29156,AUSTSUPE,184128090,AUSTSUPE3,lectin,1
Austrelaps_superbus_239618532,Austrelaps superbus,29156,AUSTSUPE,239618532,AUSTSUPE4,cystatin,1
A_superbus_158262807,Austrelaps superbus,29156,AUSTSUPE,158262807,AUSTSUPE5,pla2,1
A_superbus_158262809,Austrelaps superbus,29156,AUSTSUPE,158262809,AUSTSUPE6,pla2,1
A_feae_190195302,Azemiops feae,8773,AZEMFEAE,190195302,AZEMFEAE1,crisp,1
A_feae_73349374,Azemiops feae,8773,AZEMFEAE,73349374,AZEMFEAE2,ngf,1
B_arietans_62547936,Bitis arietans,8692,BITIARIE,62547936,BITIARIE1,svmp,1
Bitis_arietans_113203680,Bitis arietans,8692,BITIARIE,113203680,BITIARIE2,hyaluronidase,1
Bitis_arietans_113203684,Bitis arietans,8692,BITIARIE,113203684,BITIARIE3,hyaluronidase,1
B_gabonica_38374139,Bitis gabonica,8694,BITIGABO,38374139,BITIGABO1,svmp,1
B_gabonica_38570059,Bitis gabonica,8694,BITIGABO,38570059,BITIGABO2,kallikrein,1
Bitis_gabonica_37993390,Bitis gabonica,8694,BITIGABO,37993390,BITIGABO3,lectin,1
Bitis_gabonica_38570037,Bitis gabonica,8694,BITIGABO,38570037,BITIGABO4,cystatin,1
Bitis_gabonica_37993388,Bitis gabonica,8694,BITIGABO,37993388,BITIGABO5,pla2,1
Bos_taurus_114052858,Bos taurus,9913,BOSTAUR,114052858,BOSTAUR1,3ftx,0
Bos_taurus_2326390,Bos taurus,9913,BOSTAUR,2326390,BOSTAUR2,cystatin,0
Bos_taurus_28189832,Bos taurus,9913,BOSTAUR,28189832,BOSTAUR3,cystatin,0
B_taurus_82697316,Bos taurus,9913,BOSTAUR,82697316,BOSTAUR4,3ftx,0
Bos_taurus_300797310,Bos taurus,9913,BOSTAUR,300797310,BOSTAUR5,pla2,0
B_asper_82466486,Bothrops asper,8722,BOTHASPE,82466486,BOTHASPE1,svmp,1
B_insularis_20069132,Bothrops insularis,8723,BOTHINSU,20069132,BOTHINSU1,svmp,1
B_insularis_52426578,Bothrops insularis,8723,BOTHINSU,52426578,BOTHINSU2,svmp,1
B_jararaca_13194759,Bothrops jararaca,8724,BOTHJARA,13194759,BOTHJARA1,svmp,1
B_jararaca_31742524,Bothrops jararaca,8724,BOTHJARA,31742524,BOTHJARA2,svmp,1
B_jararaca_6691472,Bothrops jararaca,8724,BOTHJARA,6691472,BOTHJARA3,kallikrein,1
B_jararacussu_15407253,Bothrops jararacussu,8726,BOTHJARC,15407253,BOTHJARC1,ngf,1
B_jararacussu_32396013,Bothrops jararacussu,8726,BOTHJARC,32396013,BOTHJARC2,kallikrein,1
B_jararacussu_39841343,Bothrops jararacussu,8726,BOTHJARC,39841343,BOTHJARC3,lao,1
Bothrops_jararacussu_31747339,Bothrops jararacussu,8726,BOTHJARC,31747339,BOTHJARC4,pla2,1
B_moojeni_39841345,Bothrops moojeni,98334,BOTHMOOJ,39841345,BOTHMOOJ1,lao,1
B_neuwiedi_195927837,Bothropoides pauloensis,1042543,BOTHNEUW,195927837,BOTHNEUW1,lao,1
B_neuwiedi_pauloensis,Bothropoides pauloensis,1042543,BOTHNEUW,224579038,BOTHNEUW2,hyaluronidase,1
B_schlegelii_190195304,Bothriechis schlegelii,44725,BOTHSCHL,190195304,BOTHSCHL1,crisp,1
B_caeruleus_10121879,Bungarus caeruleus,132961,BUNGCAER,10121879,BUNGCAER1,pla2,1
B_caeruleus_19526596,Bungarus caeruleus,132961,BUNGCAER,19526596,BUNGCAER2,pla2,1
B_candidus_190195340,Bungarus candidus,92438,BUNGCAND,190195340,BUNGCAND1,crisp,1
B_candidus_190195342,Bungarus candidus,92438,BUNGCAND,190195342,BUNGCAND2,crisp,1
B_candidus_34368936,Bungarus candidus,92438,BUNGCAND,34368936,BUNGCAND3,3ftx,1
B_candidus_24459189,Bungarus candidus,92438,BUNGCAND,24459189,BUNGCAND4,pla2,1
B_candidus_34368938,Bungarus candidus,92438,BUNGCAND,34368938,BUNGCAND5,pla2,1
B_candidus_38016964,Bungarus candidus,92438,BUNGCAND,38016964,BUNGCAND6,pla2,1
B_candidus_40363688,Bungarus candidus,92438,BUNGCAND,40363688,BUNGCAND7,pla2,1
B_candidus_40363694,Bungarus candidus,92438,BUNGCAND,40363694,BUNGCAND8,pla2,1
B_fasciatus_126035652,Bungarus fasciatus,8613,BUNGFASC,126035652,BUNGFASC1,lao,1
B_fasciatus_110456112,Bungarus fasciatus,8613,BUNGFASC,110456112,BUNGFASC2,pla2,1
B_fasciatus_110456118,Bungarus fasciatus,8613,BUNGFASC,110456118,BUNGFASC3,pla2,1
B_fasciatus_110559305,Bungarus fasciatus,8613,BUNGFASC,110559305,BUNGFASC4,pla2,1
B_fasciatus_156257596,Bungarus fasciatus,8613,BUNGFASC,156257596,BUNGFASC5,pla2,1
B_flaviceps_294961089,Bungarus flaviceps,8614,BUNGFLAV,294961089,BUNGFLAV1,pla2,1
B_flaviceps_294961093,Bungarus flaviceps,8614,BUNGFLAV,294961093,BUNGFLAV2,pla2,1
B_multicinctus_5763973,Bungarus multicinctus multicinctus,102640,BUNGMULM,5763973,BUNGMULM1,3ftx,1
B_multicinctus_126035648,Bungarus multicinctus,8616,BUNGMULT,126035648,BUNGMULT1,lao,1
B_multicintus_24412708,Bungarus multicinctus,8616,BUNGMULT,24412708,BUNGMULT10,pla2,1
B_multicintus_6523110,Bungarus multicinctus,8616,BUNGMULT,6523110,BUNGMULT11,pla2,1
B_multicinctus_126035671,Bungarus multicinctus,8616,BUNGMULT,126035671,BUNGMULT2,kallikrein,1
B_multicinctus_266298,Bungarus multicinctus,8616,BUNGMULT,266298,BUNGMULT3,ngf,1
B_multicinctus_4200124,Bungarus multicinctus,8616,BUNGMULT,4200124,BUNGMULT4,3ftx,1
B_multicinctus_62501,Bungarus multicinctus,8616,BUNGMULT,62501,BUNGMULT5,pla2,1
B_multicintus_10129662,Bungarus multicinctus,8616,BUNGMULT,10129662,BUNGMULT6,pla2,1
B_multicintus_110750690,Bungarus multicinctus,8616,BUNGMULT,110750690,BUNGMULT7,pla2,1
B_multicintus_1359510,Bungarus multicinctus,8616,BUNGMULT,1359510,BUNGMULT8,pla2,1
B_multicintus_19069523,Bungarus multicinctus,8616,BUNGMULT,19069523,BUNGMULT9,pla2,1
C_jacchus_296210740,Callithrix jacchus,9483,CALLJACC,296210740,CALLJACC1,hyaluronidase,0
C_jacchus_296227135,Callithrix jacchus,9483,CALLJACC,296227135,CALLJACC2,3ftx,0
Callithrix_jacchus_296227127,Callithrix jacchus,9483,CALLJACC,296227127,CALLJACC3,3ftx,0
Callithrix_jacchus_296213093,Callithrix jacchus,9483,CALLJACC,296213093,CALLJACC4,pla2,0
C_rhodostoma_190195316,Calloselasma rhodostoma,8717,CALLRHOD,190195316,CALLRHOD1,crisp,1
C_rhodostoma_6850959,Calloselasma rhodostoma,8717,CALLRHOD,6850959,CALLRHOD2,lao,1
Canis_lupus_73976673,Canis lupus familiaris,9615,CANILUPU,73976673,CANILUPU1,lao,0
Canis_lupus_345793738,Canis lupus familiaris,9615,CANILUPU,345793738,CANILUPU2,pla2,0
C_porcellus_348574936,Cavia porcellus,10141,CAVIPORC,348574936,CAVIPORC1,3ftx,0
C_porcellus_348575116,Cavia porcellus,10141,CAVIPORC,348575116,CAVIPORC2,3ftx,0
Cavia_porcellus_348570844,Cavia porcellus,10141,CAVIPORC,348570844,CAVIPORC3,pla2,0
C_warreni_300872848,Celestus warreni,865857,CELEWARR,300872848,CELEWARR1,crisp,1
C_warreni_300872896,Celestus warreni,865857,CELEWARR,300872896,CELEWARR2,kallikrein,1
C_warreni_300872898,Celestus warreni,865857,CELEWARR,300872898,CELEWARR3,kallikrein,1
Cerastes_cerastes_113203668,Cerastes cerastes,8697,CERACERA,113203668,CERACERA1,hyaluronidase,1
Cerastes_cerastes_113203672,Cerastes cerastes,8697,CERACERA,113203672,CERACERA2,hyaluronidase,1
c_cerastes_32329781,Cerastes cerastes,8697,CERACERA,32329781,CERACERA3,kallikrein,1
C_rynchops_299791431,Cerberus rynchops,46267,CERBRYNC,299791431,CERBRYNC1,crisp,1
C_rynchops_299791433,Cerberus rynchops,46267,CERBRYNC,299791433,CERBRYNC2,crisp,1
C_rynchops_299791435,Cerberus rynchops,46267,CERBRYNC,299791435,CERBRYNC3,crisp,1
C_rynchops_299791437,Cerberus rynchops,46267,CERBRYNC,299791437,CERBRYNC4,crisp,1
C_godmani_190195328,Cerrophidion godmani,44722,CERRGODM,190195328,CERRGODM1,crisp,1
Cricetulus_griseus_354497474,Cricetulus griseus,10029,CRICGRIS,354497474,CRICGRIS1,pla2,0
C_adamanteus_18072834,Crotalus adamanteus,8729,CROTADAM,18072834,CROTADAM1,kallikrein,1
C_adamanteus_338855273,Crotalus adamanteus,8729,CROTADAM,338855273,CROTADAM2,crisp,1
C_adamanteus_338855293,Crotalus adamanteus,8729,CROTADAM,338855293,CROTADAM3,hyaluronidase,1
C_adamanteus_338855295,Crotalus adamanteus,8729,CROTADAM,338855295,CROTADAM4,lao,1
C_adamanteus_3426323,Crotalus adamanteus,8729,CROTADAM,3426323,CROTADAM5,lao,1
Crotalus_adamanteus_338855305,Crotalus adamanteus,8729,CROTADAM,338855305,CROTADAM6,pla2,1
C_atrox_144905067,Crotalus atrox,8730,CROTATRO,144905067,CROTATRO1,svmp,1
C_atrox_18652952,Crotalus atrox,8730,CROTATRO,18652952,CROTATRO2,kallikrein,1
C_atrox_28972958,Crotalus atrox,8730,CROTATRO,28972958,CROTATRO3,crisp,1
C_atrox_5565691,Crotalus atrox,8730,CROTATRO,5565691,CROTATRO4,lao,1
C_durissus_76365439,Crotalus durissus durissus,31150,CROTDURD,76365439,CROTDURD1,svmp,1
C_durissus_11120559,Crotalus durissus terrificus,8732,CROTDURI,11120559,CROTDURI1,ngf,1
C_durissus_78364923,Crotalus durissus terrificus,8732,CROTDURI,78364923,CROTDURI2,svmp,1
C_horridus_190195306,Crotalus horridus,35024,CROTHORR,190195306,CROTHORR1,crisp,1
C_horridus_190195308,Crotalus horridus,35024,CROTHORR,190195308,CROTHORR2,crisp,1
C_horridus_190195310,Crotalus horridus,35024,CROTHORR,190195310,CROTHORR3,crisp,1
C_horridus_190195312,Crotalus horridus,35024,CROTHORR,190195312,CROTHORR4,crisp,1
C_horridus_190195314,Crotalus horridus,35024,CROTHORR,190195314,CROTHORR5,crisp,1
C_molossus_20530312,Crotalus molossus molossus,31151,CROTMOLO,20530312,CROTMOLO1,svmp,1
C_oreganus_358801542,Crotalus oreganus helleri,8741,CROTOREG,358801542,CROTOREG1,crisp,1
C_oreganus_358801573,Crotalus oreganus helleri,8741,CROTOREG,358801573,CROTOREG2,crisp,1
C_viridis_190195318,Crotalus viridis,8739,CROTVIRI,190195318,CROTVIRI1,crisp,1
C_albolabris_15149983,Cryptelytrops albolabris,8765,CRYPALBO,151499830,CRYPALBO1,lectin,1
Cyprinus_carpio_387926,Cyprinus carpio,7962,CYPRCARP,387926,CYPRCARP1,cystatin,0
D_russellii_70797644,Daboia russellii siamensis,343250,DABORUSI,70797644,DABORUSI1,lao,1
D_russelii_190195320,Daboia russellii,8707,DABORUSS,190195320,DABORUSS1,crisp,1
D_russelii_190195322,Daboia russellii,8707,DABORUSS,190195322,DABORUSS2,crisp,1
D_russelii_194400544,Daboia russellii,8707,DABORUSS,194400544,DABORUSS3,lao,1
D_russelii_71727516,Daboia russellii,8707,DABORUSS,71727516,DABORUSS4,svmp,1
D_russelii_71727518,Daboia russellii,8707,DABORUSS,71727518,DABORUSS5,svmp,1
D_rerio_226533708,Danio rerio,7955,DANIRERI,226533708,DANIRERI1,svmp,0
Danio_rerio_3044090,Danio rerio,7955,DANIRERI,3044090,DANIRERI10,ngf,0
Danio_rerio_4096855,Danio rerio,7955,DANIRERI,4096855,DANIRERI11,ngf,0
D_rerio_288856245,Danio rerio,7955,DANIRERI,288856245,DANIRERI12,3ftx,0
D_rerio_326665255,Danio rerio,7955,DANIRERI,326665255,DANIRERI13,3ftx,0
D_rerio_326673451,Danio rerio,7955,DANIRERI,326673451,DANIRERI2,svmp,0
D_rerio_326677166,Danio rerio,7955,DANIRERI,326677166,DANIRERI3,svmp,0
D_rerio_326678492,Danio rerio,7955,DANIRERI,326678492,DANIRERI4,svmp,0
D_rerio_34785401,Danio rerio,7955,DANIRERI,34785401,DANIRERI5,svmp,0
D_rerio_41054438,Danio rerio,7955,DANIRERI,41054438,DANIRERI6,svmp,0
D_rerio_68366001,Danio rerio,7955,DANIRERI,68366001,DANIRERI7,svmp,0
Danio_rerio_123703072,Danio rerio,7955,DANIRERI,123703072,DANIRERI8,hyaluronidase,0
Danio_rerio_292609495,Danio rerio,7955,DANIRERI,292609495,DANIRERI9,lectin,0
D_acutus_190195336,Deinagkistrodon acutus,36307,DEINACUT,190195336,DEINACUT1,crisp,1
D_acutus_190195338,Deinagkistrodon acutus,36307,DEINACUT,190195338,DEINACUT2,crisp,1
D_acutus_20562932,Deinagkistrodon acutus,36307,DEINACUT,20562932,DEINACUT3,lectin,1
D_acutus_5360902,Deinagkistrodon acutus,36307,DEINACUT,5360902,DEINACUT4,svmp,1
D_acutus_57791680,Deinagkistrodon acutus,36307,DEINACUT,57791680,DEINACUT5,kallikrein,1
D_acutus_5802902,Deinagkistrodon acutus,36307,DEINACUT,5802902,DEINACUT6,svmp,1
D_acutus_7340953,Deinagkistrodon acutus,36307,DEINACUT,7340953,DEINACUT7,svmp,1
D_vestigiata_118151717,Demansia vestigiata,412038,DEMAVEST,118151717,DEMAVEST1,crisp,1
D_vestigiata_118151719,Demansia vestigiata,412038,DEMAVEST,118151719,DEMAVEST2,lao,1
D_vestigiata_118151729,Demansia vestigiata,412038,DEMAVEST,118151729,DEMAVEST3,ngf,1
D_vestigiata_118151731,Demansia vestigiata,412038,DEMAVEST,118151731,DEMAVEST4,ngf,1
D_vestigiata_118151733,Demansia vestigiata,412038,DEMAVEST,118151733,DEMAVEST5,ngf,1
D_vestigiata_118151747,Demansia vestigiata,412038,DEMAVEST,118151747,DEMAVEST6,pla2,1
D_vestigiata_118151755,Demansia vestigiata,412038,DEMAVEST,118151755,DEMAVEST7,pla2,1
D_vestigiata_118151757,Demansia vestigiata,412038,DEMAVEST,118151757,DEMAVEST8,pla2,1
D_typus_156485225,Dispholidus typus,46295,DISPTYPU,156485225,DISPTYPU1,3ftx,1
D_typus_156485239,Dispholidus typus,46295,DISPTYPU,156485239,DISPTYPU2,3ftx,1
D_typus_156485243,Dispholidus typus,46295,DISPTYPU,156485243,DISPTYPU3,3ftx,1
D_typus_156485813,Dispholidus typus,46295,DISPTYPU,156485813,DISPTYPU4,3ftx,1
D_typus_73346093,Dispholidus typus,46295,DISPTYPU,73346093,DISPTYPU5,crisp,1
D_typus_73346201,Dispholidus typus,46295,DISPTYPU,73346201,DISPTYPU6,crisp,1
D_typus_73346335,Dispholidus typus,46295,DISPTYPU,73346335,DISPTYPU7,crisp,1
D_typus_384110781,Dispholidus typus,46295,DISPTYPU,384110781,DISPTYPU8,pla2,1
D_typus_384110783,Dispholidus typus,46295,DISPTYPU,384110783,DISPTYPU9,pla2,1
D_coronoides_238928309,Drysdalia coronoides,66186,DRYSCORO,238928309,DRYSCORO1,crisp,1
D_coronoides_336042225,Drysdalia coronoides,66186,DRYSCORO,336042225,DRYSCORO2,ngf,1
D_coronoides_238928301,Drysdalia coronoides,66186,DRYSCORO,238928301,DRYSCORO3,pla2,1
E_car_sochureki,Echis carinatus sochureki,124223,ECHICARS,113203692,ECHICARS1,hyaluronidase,1
Echis_carinatus_154906519,Echis carinatus,40353,ECHICARI,154906519,ECHICARI1,pla2,1
E_ocellatus_205275158,Echis ocellatus,99586,ECHIOCEL,205275158,ECHIOCEL1,lao,1
E_ocellatus_83523625,Echis ocellatus,99586,ECHIOCEL,83523625,ECHIOCEL2,svmp,1
E_ocellatus_83523627,Echis ocellatus,99586,ECHIOCEL,83523627,ECHIOCEL3,svmp,1
E_ocellatus_83523629,Echis ocellatus,99586,ECHIOCEL,83523629,ECHIOCEL4,svmp,1
E_ocellatus_83523637,Echis ocellatus,99586,ECHIOCEL,83523637,ECHIOCEL5,svmp,1
E_ocellatus_83523641,Echis ocellatus,99586,ECHIOCEL,83523641,ECHIOCEL6,svmp,1
E_ocellatus_83523643,Echis ocellatus,99586,ECHIOCEL,83523643,ECHIOCEL7,svmp,1
E_ocellatus_83523645,Echis ocellatus,99586,ECHIOCEL,83523645,ECHIOCEL8,svmp,1
Echis_ocellatus_113203666,Echis ocellatus,99586,ECHIOCEL,113203666,ECHIOCEL9,hyaluronidase,1
E_pyr_leakeyi,Echis pyramidum leakeyi,38415,ECHIPYRA,113203674,ECHIPYRA1,hyaluronidase,1
E_polylepis_156485213,Enhydris polylepis,338839,ENHYPOLY,156485213,ENHYPOLY1,3ftx,1
E_polylepis_73346493,Enhydris polylepis,338839,ENHYPOLY,73346493,ENHYPOLY2,crisp,1
E_polylepis_73346538,Enhydris polylepis,338839,ENHYPOLY,73346538,ENHYPOLY3,crisp,1
Enhydris_polylepis_156485821,Enhydris polylepis,338839,ENHYPOLY,156485821,ENHYPOLY4,lectin,1
Enhydris_polylepis_156485825,Enhydris polylepis,338839,ENHYPOLY,156485825,ENHYPOLY5,lectin,1
E_caballus_149705827,Equus caballus,9796,EQUUCABA,149705827,EQUUCABA1,hyaluronidase,0
Equus_caballus_149757663,Equus caballus,9796,EQUUCABA,149757663,EQUUCABA2,3ftx,0
G_gallus_32169281,Gallus gallus,9031,GALLGALL,32169281,GALLGALL1,kallikrein,0
Gallus_gallus_63697,Gallus gallus,9031,GALLGALL,63697,GALLGALL10,ngf,0
G_gallus_118087426,Gallus gallus,9031,GALLGALL,118087426,GALLGALL11,3ftx,0
G_gallus_118087428,Gallus gallus,9031,GALLGALL,118087428,GALLGALL12,3ftx,0
Gallus_gallus_224458363,Gallus gallus,9031,GALLGALL,224458363,GALLGALL13,pla2,0
Gallus_gallus_48841992,Gallus gallus,9031,GALLGALL,48841992,GALLGALL14,pla2,0
G_gallus_363732579,Gallus gallus,9031,GALLGALL,363732579,GALLGALL2,crisp,0
G_gallus_363740242,Gallus gallus,9031,GALLGALL,363740242,GALLGALL3,lao,0
G_gallus_603902,Gallus gallus,9031,GALLGALL,603902,GALLGALL4,kallikrein,0
Gallus_gallus_118082225,Gallus gallus,9031,GALLGALL,118082225,GALLGALL5,hyaluronidase,0
Gallus_gallus_118112382,Gallus gallus,9031,GALLGALL,118112382,GALLGALL6,hyaluronidase,0
Gallus_gallus_211239,Gallus gallus,9031,GALLGALL,211239,GALLGALL7,ngf,0
Gallus_gallus_211714,Gallus gallus,9031,GALLGALL,211714,GALLGALL8,cystatin,0
Gallus_gallus_212464,Gallus gallus,9031,GALLGALL,212464,GALLGALL9,ngf,0
G_infernalis_300872846,Gerrhonotus infernalis,310520,GERRINFE,300872846,GERRINFE1,crisp,1
G_infernalis_300872892,Gerrhonotus infernalis,310520,GERRINFE,300872892,GERRINFE2,kallikrein,1
G_infernalis_300872894,Gerrhonotus infernalis,310520,GERRINFE,300872894,GERRINFE3,kallikrein,1
Gerrhonotus_infernalis_300872854,Gerrhonotus infernalis,310520,GERRINFE,300872854,GERRINFE4,hyaluronidase,1
G_blomhoffi_15887053,Gloydius blomhoffi,242054,GLOYBLOM,15887053,GLOYBLOM1,lao,1
G_blomhoffi_21305550,Gloydius blomhoffi,242054,GLOYBLOM,21305550,GLOYBLOM2,crisp,1
G_halys_29293674,Gloydius halys,8714,GLOYHALY,29293674,GLOYHALY1,kallikrein,1
G_halys_38426270,Gloydius halys,8714,GLOYHALY,38426270,GLOYHALY2,lao,1
G_ussuriensis_18389602,Gloydius ussuriensis,35671,GLOYUSSU,18389602,GLOYUSSU1,kallikrein,1
G_ussuriensis_2407644,Gloydius ussuriensis,35671,GLOYUSSU,2407644,GLOYUSSU2,kallikrein,1
H_susp_cinc,Heloderma suspectum cinctum,537493,HELOCINC,190700986,HELOCINC1,kallikrein,1
H_suspectum_190700978,Heloderma suspectum cinctum,537493,HELOCINC,190700978,HELOCINC2,crisp,1
H_suspectum_cinctum,Heloderma suspectum cinctum,537493,HELOCINC,190700984,HELOCINC3,hyaluronidase,1
Heloderma_suspectum_190700994,Heloderma suspectum cinctum,537493,HELOCINC,190700994,HELOCINC4,ngf,1
H_horridum_1101004,Heloderma horridum,8551,HELOHORR,1101004,HELOHORR1,crisp,1
H_horridum_301071100,Heloderma horridum,8551,HELOHORR,301071100,HELOHORR2,kallikrein,1
H_sapiens_1015996,Homo sapiens,9606,HOMOSAPI,1015996,HOMOSAPI1,kallikrein,0
H_sapiens_54292119,Homo sapiens,9606,HOMOSAPI,54292119,HOMOSAPI10,svmp,0
H_sapiens_56121814,Homo sapiens,9606,HOMOSAPI,56121814,HOMOSAPI11,svmp,0
H_sapiens_73747882,Homo sapiens,9606,HOMOSAPI,73747882,HOMOSAPI12,svmp,0
H_sapiens_73747888,Homo sapiens,9606,HOMOSAPI,73747888,HOMOSAPI13,svmp,0
H_sapiens_77863172,Homo sapiens,9606,HOMOSAPI,77863172,HOMOSAPI14,kallikrein,0
H_sapiens_85396870,Homo sapiens,9606,HOMOSAPI,85396870,HOMOSAPI15,hyaluronidase,0
H_sapiens_98985827,Homo sapiens,9606,HOMOSAPI,98985827,HOMOSAPI16,svmp,0
H_sapiens_OG,Homo sapiens,9606,HOMOSAPI,,HOMOSAPI17,svmp,0
Homo_sapiens_1488690,Homo sapiens,9606,HOMOSAPI,1488690,HOMOSAPI18,cystatin,0
H_sapiens_64276807,Homo sapiens,9606,HOMOSAPI,64276807,HOMOSAPI18,svmp,0
Homo_sapiens_179402,Homo sapiens,9606,HOMOSAPI,179402,HOMOSAPI19,ngf,0
H_sapiens_223718684,Homo sapiens,9606,HOMOSAPI,223718684,HOMOSAPI2,svmp,0
Homo_sapiens_190264,Homo sapiens,9606,HOMOSAPI,190264,HOMOSAPI20,ngf,0
Homo_sapiens_226823231,Homo sapiens,9606,HOMOSAPI,226823231,HOMOSAPI21,lectin,0
Homo_sapiens_287794,Homo sapiens,9606,HOMOSAPI,287794,HOMOSAPI22,ngf,0
Homo_sapiens_29473,Homo sapiens,9606,HOMOSAPI,29473,HOMOSAPI23,ngf,0
Homo_sapiens_30371,Homo sapiens,9606,HOMOSAPI,30371,HOMOSAPI24,cystatin,0
Homo_sapiens_3252857,Homo sapiens,9606,HOMOSAPI,3252857,HOMOSAPI25,cystatin,0
Homo_sapiens_48145860,Homo sapiens,9606,HOMOSAPI,48145860,HOMOSAPI26,cystatin,0
Homo_sapiens_49456710,Homo sapiens,9606,HOMOSAPI,49456710,HOMOSAPI27,cystatin,0
Homo_sapiens_49456928,Homo sapiens,9606,HOMOSAPI,49456928,HOMOSAPI28,cystatin,0
Homo_sapiens_7108922,Homo sapiens,9606,HOMOSAPI,7108922,HOMOSAPI29,pla2,0
H_sapiens_2558911,Homo sapiens,9606,HOMOSAPI,2558911,HOMOSAPI3,kallikrein,0
H_sapiens_256773263,Homo sapiens,9606,HOMOSAPI,256773263,HOMOSAPI4,svmp,0
H_sapiens_315434189,Homo sapiens,9606,HOMOSAPI,315434189,HOMOSAPI5,svmp,0
H_sapiens_354983502,Homo sapiens,9606,HOMOSAPI,354983502,HOMOSAPI6,svmp,0
H_sapiens_3649790,Homo sapiens,9606,HOMOSAPI,3649790,HOMOSAPI7,kallikrein,0
H_sapiens_3928429,Homo sapiens,9606,HOMOSAPI,3928429,HOMOSAPI8,kallikrein,0
H_sapiens_46909599,Homo sapiens,9606,HOMOSAPI,46909599,HOMOSAPI9,svmp,0
H_stephensii_71725675,Hoplocephalus stephensii,196418,HOPLSTEP,71725675,HOPLSTEP1,crisp,1
H_stephensii_76886032,Hoplocephalus stephensii,196418,HOPLSTEP,76886032,HOPLSTEP2,ngf,1
H_stephensii_76886034,Hoplocephalus stephensii,196418,HOPLSTEP,76886034,HOPLSTEP3,ngf,1
Hoplo_stephensii_145699620,Hoplocephalus stephensii,196418,HOPLSTEP,145699620,HOPLSTEP4,lectin,1
Hoplocephalus_stephensii_239618546,Hoplocephalus stephensii,196418,HOPLSTEP,239618546,HOPLSTEP5,cystatin,1
H_stephensii_124020980,Hoplocephalus stephensii,196418,HOPLSTEP,124020980,HOPLSTEP6,pla2,1
H_stephensii_124020982,Hoplocephalus stephensii,196418,HOPLSTEP,124020982,HOPLSTEP7,pla2,1
H_stephensii_124020986,Hoplocephalus stephensii,196418,HOPLSTEP,124020986,HOPLSTEP8,pla2,1
L_muta_88861957,Lachesis muta,8752,LACHMUTA,88861957,LACHMUTA1,3ftx,1
L_muta_88861963,Lachesis muta,8752,LACHMUTA,88861963,LACHMUTA2,kallikrein,1
Lampetra_fluviatilis_4558792,Lampetra fluviatilis,7748,LAMPFLUV,4558792,LAMPFLUV1,ngf,0
L_hardwickii_18000317,Lapemis hardwickii,8781,LAPEHARD,18000317,LAPEHARD1,crisp,1
L_hardwickii_56566178,Lapemis hardwickii,8781,LAPEHARD,56566178,LAPEHARD2,kallikrein,1
L_hardwickii_125744598,Lapemis hardwickii,8781,LAPEHARD,125744598,LAPEHARD3,pla2,1
L_hardwickii_18026637,Lapemis hardwickii,8781,LAPEHARD,18026637,LAPEHARD4,pla2,1
L_laticauda_64047,Laticauda laticaudata,8630,LATILATI,64047,LATILATI1,pla2,1
L_semifasciata_21305554,Laticauda semifasciata,8631,LATISEMI,21305554,LATISEMI1,crisp,1
L_semifasciata_21734661,Laticauda semifasciata,8631,LATISEMI,21734661,LATISEMI2,pla2,1
L_semifasciata_9453913,Laticauda semifasciata,8631,LATISEMI,9453913,LATISEMI3,pla2,1
L_madagascariensis_156485229,Leioheterodon madagascariensis,46577,LEIOMADA,156485229,LEIOMADA1,3ftx,1
L_madagascariensis_73346569,Leioheterodon madagascariensis,46577,LEIOMADA,73346569,LEIOMADA2,crisp,1
Leioheterodon_madagascariensis_156485275,Leioheterodon madagascariensis,46577,LEIOMADA,156485275,LEIOMADA3,lectin,1
L_madagascariensis_384110785,Leioheterodon madagascariensis,46577,LEIOMADA,384110785,LEIOMADA4,pla2,1
L_madagascariensis_384110787,Leioheterodon madagascariensis,46577,LEIOMADA,384110787,LEIOMADA5,pla2,1
L_madagascariensis_384110789,Leioheterodon madagascariensis,46577,LEIOMADA,384110789,LEIOMADA6,pla2,1
L_poecilogyrus_156485217,Liophis poecilogyrus,338838,LIOPPOEC,156485217,LIOPPOEC1,3ftx,1
L_poecilogyrus_156485221,Liophis poecilogyrus,338838,LIOPPOEC,156485221,LIOPPOEC2,3ftx,1
L_poecilogyrus_156485223,Liophis poecilogyrus,338838,LIOPPOEC,156485223,LIOPPOEC3,3ftx,1
L_poecilogyrus_73346604,Liophis poecilogyrus,338838,LIOPPOEC,73346604,LIOPPOEC4,crisp,1
Liophis_poecilogyrus_156485271,Liophis poecilogyrus,338838,LIOPPOEC,156485271,LIOPPOEC5,lectin,1
Liophis_poecilogyrus_156485281,Liophis poecilogyrus,338838,LIOPPOEC,156485281,LIOPPOEC6,lectin,1
Liophis_poecilogyrus_156485819,Liophis poecilogyrus,338838,LIOPPOEC,156485819,LIOPPOEC7,hyaluronidase,1
Loxodonta_africana_344265849,Loxodonta africana,9785,LOXOAFRI,344265849,LOXOAFRI1,lao,0
M_fascicularis_293140,Macaca fascicularis,9541,MACAFASC,293140,MACAFASC1,kallikrein,0
Macaca_mulatta_2281118,Macaca mulatta,9544,MACAMULA,2281118,MACAMULA1,cystatin,0
Macaca_mulatta_74136438,Macaca mulatta,9544,MACAMULA,74136438,MACAMULA2,3ftx,0
Macaca_mulatta_297263667,Macaca mulatta,9544,MACAMULA,297263667,MACAMULA3,pla2,0
M_lebetina_158906244,Macrovipera lebetina,8709,MACRLEBE,158906244,MACRLEBE1,lectin,1
M_lebetina_22417111,Macrovipera lebetina,8709,MACRLEBE,22417111,MACRLEBE2,kallikrein,1
M_lebetina_33391733,Macrovipera lebetina,8709,MACRLEBE,33391733,MACRLEBE3,svmp,1
M_lebetina_50980284,Macrovipera lebetina,8709,MACRLEBE,50980284,MACRLEBE4,lectin,1
M_lebetina_55774417,Macrovipera lebetina,8709,MACRLEBE,55774417,MACRLEBE5,ngf,1
M_lebetina_61104774,Macrovipera lebetina,8709,MACRLEBE,61104774,MACRLEBE6,svmp,1
M_lebetina_6562943,Macrovipera lebetina,8709,MACRLEBE,6562943,MACRLEBE7,kallikrein,1
M_lebetina_66390955,Macrovipera lebetina,8709,MACRLEBE,66390955,MACRLEBE8,svmp,1
Praomys_natalensis_202514,Mastomys natalensis,10112,MASTNATA,202514,MASTNATA1,ngf,0
M_gallopavo_326916800,Meleagris gallopavo,9103,MELEGALL,326916800,MELEGALL1,crisp,0
M_gallopavo_326930091,Meleagris gallopavo,9103,MELEGALL,326930091,MELEGALL2,lao,0
M_gallopavo_326918181,Meleagris gallopavo,9103,MELEGALL,326918181,MELEGALL3,3ftx,0
M_altirostris_331691470,Micrurus altirostris,129457,MICRALTI,331691470,MICRALTI1,pla2,1
Mic_corallinus_241995596,Micrurus corallinus,54390,MICRCORA,241995596,MICRCORA1,lectin,1
M_corallinus_241995592,Micrurus corallinus,54390,MICRCORA,241995592,MICRCORA2,lectin,1
M_corallinus_24496494,Micrurus corallinus,54390,MICRCORA,24496494,MICRCORA3,pla2,1
M_fulvius_71153872,Micrurus fulvius,8637,MICRFULV,71153872,MICRFULV1,pla2,1
Micropechis_ikaheka_239618552,Micropechis ikaheka,66188,MICRIKAH,239618552,MICRIKAH1,cystatin,1
M_tener_357576273,Micrurus tener tener,1114302,MICRTENE,357576273,MICRTENE1,pla2,1
M_tener_357576275,Micrurus tener tener,1114302,MICRTENE,357576275,MICRTENE2,pla2,1
M_domestica_126340736,Monodelphis domestica,13616,MONODOME,126340736,MONODOME1,hyaluronidase,0
Monodelphis_domestica_126330513,Monodelphis domestica,13616,MONODOME,126330513,MONODOME2,lao,0
Monodelphis_domestica_334323332,Monodelphis domestica,13616,MONODOME,334323332,MONODOME3,lao,0
M_domestica_334325843,Monodelphis domestica,13616,MONODOME,334325843,MONODOME4,3ftx,0
M_musculus_12834990,Mus musculus,10090,MUSMUSC,12834990,MUSMUSC1,kallikrein,0
Mus_musculus_6164697,Mus musculus,10090,MUSMUSC,6164697,MUSMUSC10,pla2,0
Mus_musculus_11762009,Mus musculus,10090,MUSMUSC,11762009,MUSMUSC2,cystatin,0
Mus_musculus_12852171,Mus musculus,10090,MUSMUSC,12852171,MUSMUSC3,cystatin,0
Mus_musculus_192911,Mus musculus,10090,MUSMUSC,192911,MUSMUSC4,cystatin,0
Mus_musculus_200047,Mus musculus,10090,MUSMUSC,200047,MUSMUSC5,ngf,0
Mus_musculus_5059155,Mus musculus,10090,MUSMUSC,5059155,MUSMUSC6,3ftx,0
M_musculus_262263418,Mus musculus,10090,MUSMUSC,262263418,MUSMUSC7,3ftx,0
Mus_musculus_148877918,Mus musculus,10090,MUSMUSC,148877918,MUSMUSC8,pla2,0
Mus_musculus_20810357,Mus musculus,10090,MUSMUSC,20810357,MUSMUSC9,pla2,0
N_atra_126035655,Naja atra,8656,NAJAATRA,126035655,NAJAATRA1,kallikrein,1
N_atra_126035676,Naja atra,8656,NAJAATRA,126035676,NAJAATRA2,lao,1
N_atra_126035682,Naja atra,8656,NAJAATRA,126035682,NAJAATRA3,svmp,1
N_atra_30172002,Naja atra,8656,NAJAATRA,30172002,NAJAATRA4,crisp,1
N_atra_32492058,Naja atra,8656,NAJAATRA,32492058,NAJAATRA5,crisp,1
N_atra_133920126,Naja atra,8656,NAJAATRA,133920126,NAJAATRA6,pla2,1
N_atra_456270,Naja naja,35670,NAJANAJA,456270,NAJANAJA3,pla2,1
N_kaouthia_197726028,Naja kaouthia,8649,NAJAKAOU,197726028,NAJAKAOU1,crisp,1
N_kaouthia_197726030,Naja kaouthia,8649,NAJAKAOU,197726030,NAJAKAOU2,crisp,1
Naja_kaouthia_239618554,Naja kaouthia,8649,NAJAKAOU,239618554,NAJAKAOU3,cystatin,1
N_kaouthia_4115520,Naja kaouthia,8649,NAJAKAOU,4115520,NAJAKAOU4,pla2,1
N_kaouthia_4115522,Naja kaouthia,8649,NAJAKAOU,4115522,NAJAKAOU5,pla2,1
N_mossambica_21435682,Naja mossambica mossambica,196380,NAJAMOSS,21435682,NAJAMOSS1,svmp,1
N_naja_395191,Naja naja,35670,NAJANAJA,395191,NAJANAJA1,pla2,1
N_naja_804797,Naja naja,35670,NAJANAJA,804797,NAJANAJA2,pla2,1
N_sagittifera_38017491,Naja sagittifera,195058,NAJASAGI,38017491,NAJASAGI1,pla2,1
N_sagittifera_38324521,Naja sagittifera,195058,NAJASAGI,38324521,NAJASAGI2,pla2,1
N_sputatrix_46411220,Naja sputatrix,33626,NAJASPUT,46411220,NAJASPUT1,ngf,1
N_sputatrix_46411222,Naja sputatrix,33626,NAJASPUT,46411222,NAJASPUT2,ngf,1
N_sputatrix_5081371,Naja sputatrix,33626,NAJASPUT,5081371,NAJASPUT3,3ftx,1
Nomascus_leucogenys_332262559,Nomascus leucogenys,61853,NOMALEUC,332262559,NOMALEUC1,pla2,0
N_scutatus_145982765,Notechis scutatus,8663,NOTESCUT,145982765,NOTESCUT1,svmp,1
N_scutatus_64109,Notechis scutatus,8663,NOTESCUT,64109,NOTESCUT10,pla2,1
N_scutatus_71066755,Notechis scutatus,8663,NOTESCUT,71066755,NOTESCUT11,pla2,1
N_scutatus_71066759,Notechis scutatus,8663,NOTESCUT,71066759,NOTESCUT12,pla2,1
N_scutatus_71066761,Notechis scutatus,8663,NOTESCUT,71066761,NOTESCUT13,pla2,1
N_scutatus_68304017,Notechis scutatus,8663,NOTESCUT,68304017,NOTESCUT2,lao,1
N_scutatus_71725673,Notechis scutatus,8663,NOTESCUT,71725673,NOTESCUT3,crisp,1
N_scutatus_76886018,Notechis scutatus,8663,NOTESCUT,76886018,NOTESCUT4,ngf,1
N_scutatus_76886020,Notechis scutatus,8663,NOTESCUT,76886020,NOTESCUT5,ngf,1
N_scutatus_76886022,Notechis scutatus,8663,NOTESCUT,76886022,NOTESCUT6,ngf,1
Notechis_scutatus_239618550,Notechis scutatus,8663,NOTESCUT,239618550,NOTESCUT7,cystatin,1
N_scutatus_118151765,Notechis scutatus,8663,NOTESCUT,118151765,NOTESCUT8,pla2,1
N_scutatus_64105,Notechis scutatus,8663,NOTESCUT,64105,NOTESCUT9,pla2,1
Oncorhynchus_keta_1665754,Oncorhynchus keta,8018,ONCOKETA,1665754,ONCOKETA1,cystatin,0
Oncorhynchus_mykiss_1079569,Oncorhynchus mykiss,8022,ONCOMYKI,1079569,ONCOMYKI1,cystatin,0
O_hannah_CRISP1VGAGmaybePT,Ophiophagus hannah,8665,OPHIHANN,,OPHIHAN100,crisp,1
O_hannah_CRISP2VG,Ophiophagus hannah,8665,OPHIHANN,,OPHIHAN101,crisp,1
O_hannah_CRISP3fragmentsVGAG,Ophiophagus hannah,8665,OPHIHANN,,OPHIHAN102,crisp,1
Oh_gene5_unknownscaffold,Ophiophagus hannah,8665,OPHIHANN,,OPHIHAN103,cystatin,1
oh_1055_nogenomicidExtracted,Ophiophagus hannah,8665,OPHIHANN,,OPHIHAN104,kallikrein,1
oh_2250_trypsin,Ophiophagus hannah,8665,OPHIHANN,,OPHIHAN105,kallikrein,1
oh_2663_gene3ExtractedCDSOph,Ophiophagus hannah,8665,OPHIHANN,,OPHIHAN106,kallikrein,1
oh_4203_trypsin,Ophiophagus hannah,8665,OPHIHANN,,OPHIHAN107,kallikrein,1
oh_67132_trypsin,Ophiophagus hannah,8665,OPHIHANN,,OPHIHAN108,kallikrein,1
oh_3509_AGs8157gene11,Ophiophagus hannah,8665,OPHIHANN,,OPHIHAN109,lectin,1
oh_3501_AGs15669s67391s8808g,Ophiophagus hannah,8665,OPHIHANN,,OPHIHAN110,lectin,1
oh_35897_PTunknownscaffold,Ophiophagus hannah,8665,OPHIHANN,,OPHIHAN111,lectin,1
oh_168781_PTunknownscaffold,Ophiophagus hannah,8665,OPHIHANN,,OPHIHAN112,lectin,1
O_hannah_10442707,Ophiophagus hannah,8665,OPHIHANN,10442707,OPHIHAN113,pla2,1
O_hannah_10863759,Ophiophagus hannah,8665,OPHIHANN,10863759,OPHIHAN114,pla2,1
O_hannah_10863761,Ophiophagus hannah,8665,OPHIHANN,10863761,OPHIHAN115,pla2,1
O_hannah_contigoh17572VG,Ophiophagus hannah,8665,OPHIHANN,,OPHIHAN116,pla2,1
O_hannah_contig_oh249313_PT,Ophiophagus hannah,8665,OPHIHANN,,OPHIHAN117,pla2,1
O_hannah_contig_oh251_VG,Ophiophagus hannah,8665,OPHIHANN,,OPHIHAN118,pla2,1
O_hannah_contig_oh297605_PT,Ophiophagus hannah,8665,OPHIHANN,,OPHIHAN119,pla2,1
O_hannah_contig_oh302_VG,Ophiophagus hannah,8665,OPHIHANN,,OPHIHAN120,pla2,1
O_hannah_contig_oh308_VG,Ophiophagus hannah,8665,OPHIHANN,,OPHIHAN121,pla2,1
O_hannah_contig_oh313219_low_coe,Ophiophagus hannah,8665,OPHIHANN,,OPHIHAN122,pla2,1
O_hannah_contig_oh3520_VG,Ophiophagus hannah,8665,OPHIHANN,,OPHIHAN123,pla2,1
O_hannah_contig_oh3859_VG,Ophiophagus hannah,8665,OPHIHANN,,OPHIHAN124,pla2,1
O_hannah_contig_oh3991_VG,Ophiophagus hannah,8665,OPHIHANN,,OPHIHAN125,pla2,1
O_hannah_contig_oh5814_VG,Ophiophagus hannah,8665,OPHIHANN,,OPHIHAN126,pla2,1
O_hannah_contig_oh630_VG,Ophiophagus hannah,8665,OPHIHANN,,OPHIHAN127,pla2,1
O_hannah_contig_oh909_VG,Ophiophagus hannah,8665,OPHIHANN,,OPHIHAN128,pla2,1
O_hannah_contig_oh97585_PT,Ophiophagus hannah,8665,OPHIHANN,,OPHIHAN129,pla2,1
Oh_gene10_ex2,Ophiophagus hannah,8665,OPHIHANN,,OPHIHANN1,3ftx,1
Oh_gene19_ex2,Ophiophagus hannah,8665,OPHIHANN,,OPHIHANN10,3ftx,1
Oh_gene1_ex2,Ophiophagus hannah,8665,OPHIHANN,,OPHIHANN11,3ftx,1
Oh_gene20_ex2,Ophiophagus hannah,8665,OPHIHANN,,OPHIHANN12,3ftx,1
Oh_gene21_ex2,Ophiophagus hannah,8665,OPHIHANN,,OPHIHANN13,3ftx,1
Oh_gene22_ex2,Ophiophagus hannah,8665,OPHIHANN,,OPHIHANN14,3ftx,1
Oh_gene23_ex2,Ophiophagus hannah,8665,OPHIHANN,,OPHIHANN15,3ftx,1
Oh_gene2_ex2,Ophiophagus hannah,8665,OPHIHANN,,OPHIHANN16,3ftx,1
Oh_gene3_ex2,Ophiophagus hannah,8665,OPHIHANN,,OPHIHANN17,3ftx,1
Oh_gene4_ex2,Ophiophagus hannah,8665,OPHIHANN,,OPHIHANN18,3ftx,1
Oh_gene5_ex2,Ophiophagus hannah,8665,OPHIHANN,,OPHIHANN19,3ftx,1
Oh_gene11_ex2,Ophiophagus hannah,8665,OPHIHANN,,OPHIHANN2,3ftx,1
Oh_gene7_ex2,Ophiophagus hannah,8665,OPHIHANN,,OPHIHANN20,3ftx,1
Oh_gene9_ex2,Ophiophagus hannah,8665,OPHIHANN,,OPHIHANN21,3ftx,1
Oh_1007_nohitVG,Ophiophagus hannah,8665,OPHIHANN,,OPHIHANN22,3ftx,1
Oh_1266_gene17VG,Ophiophagus hannah,8665,OPHIHANN,,OPHIHANN23,3ftx,1
Oh_1274_gene13.22VG,Ophiophagus hannah,8665,OPHIHANN,,OPHIHANN24,3ftx,1
Oh_142_nohitVG,Ophiophagus hannah,8665,OPHIHANN,,OPHIHANN25,3ftx,1
Oh_143_nohitVG,Ophiophagus hannah,8665,OPHIHANN,,OPHIHANN26,3ftx,1
Oh_1587_gene14VG,Ophiophagus hannah,8665,OPHIHANN,,OPHIHANN27,3ftx,1
Oh_188728_gene21VG,Ophiophagus hannah,8665,OPHIHANN,,OPHIHANN28,3ftx,1
Oh_192428_nohitPT,Ophiophagus hannah,8665,OPHIHANN,,OPHIHANN29,3ftx,1
Oh_gene12_ex2,Ophiophagus hannah,8665,OPHIHANN,,OPHIHANN3,3ftx,1
Oh_192429_nohitAGPT,Ophiophagus hannah,8665,OPHIHANN,,OPHIHANN30,3ftx,1
Oh_196_nohitVG,Ophiophagus hannah,8665,OPHIHANN,,OPHIHANN31,3ftx,1
Oh_2074_gene18VG,Ophiophagus hannah,8665,OPHIHANN,,OPHIHANN32,3ftx,1
Oh_254_nohitVG,Ophiophagus hannah,8665,OPHIHANN,,OPHIHANN33,3ftx,1
Oh_256_nohitVG,Ophiophagus hannah,8665,OPHIHANN,,OPHIHANN34,3ftx,1
Oh_281_nohitVG,Ophiophagus hannah,8665,OPHIHANN,,OPHIHANN35,3ftx,1
Oh_3022_nohitVG,Ophiophagus hannah,8665,OPHIHANN,,OPHIHANN36,3ftx,1
Oh_3200_gene1VG,Ophiophagus hannah,8665,OPHIHANN,,OPHIHANN37,3ftx,1
Oh_3496_nohitVG,Ophiophagus hannah,8665,OPHIHANN,,OPHIHANN38,3ftx,1
Oh_394_nohitVG,Ophiophagus hannah,8665,OPHIHANN,,OPHIHANN39,3ftx,1
Oh_gene13_ex2,Ophiophagus hannah,8665,OPHIHANN,,OPHIHANN4,3ftx,1
Oh_4431_gene15VG,Ophiophagus hannah,8665,OPHIHANN,,OPHIHANN40,3ftx,1
Oh_469_nohitVG,Ophiophagus hannah,8665,OPHIHANN,,OPHIHANN41,3ftx,1
Oh_559_nohitVG,Ophiophagus hannah,8665,OPHIHANN,,OPHIHANN42,3ftx,1
Oh_699_nohitVG,Ophiophagus hannah,8665,OPHIHANN,,OPHIHANN43,3ftx,1
Oh_711_nohitVG,Ophiophagus hannah,8665,OPHIHANN,,OPHIHANN44,3ftx,1
Oh_880_nohitVG,Ophiophagus hannah,8665,OPHIHANN,,OPHIHANN45,3ftx,1
Oh_887_nohitVG,Ophiophagus hannah,8665,OPHIHANN,,OPHIHANN46,3ftx,1
Oh_gene_23c195c881chimeraVG,Ophiophagus hannah,8665,OPHIHANN,,OPHIHANN47,3ftx,1
Oh_gene10_s19528nohit,Ophiophagus hannah,8665,OPHIHANN,,OPHIHANN48,3ftx,1
Oh_gene11_s214531nohit,Ophiophagus hannah,8665,OPHIHANN,,OPHIHANN49,3ftx,1
Oh_gene14_ex2,Ophiophagus hannah,8665,OPHIHANN,,OPHIHANN5,3ftx,1
Oh_gene13_c155c1272chimeraVG,Ophiophagus hannah,8665,OPHIHANN,,OPHIHANN50,3ftx,1
Oh_gene16_s535735nohit,Ophiophagus hannah,8665,OPHIHANN,,OPHIHANN51,3ftx,1
Oh_gene19_s8569nohit,Ophiophagus hannah,8665,OPHIHANN,,OPHIHANN52,3ftx,1
Oh_gene2_s11580nohit,Ophiophagus hannah,8665,OPHIHANN,,OPHIHANN53,3ftx,1
Oh_gene20_s9356nohit,Ophiophagus hannah,8665,OPHIHANN,,OPHIHANN54,3ftx,1
Oh_gene3_s11974c6316chimeraVG,Ophiophagus hannah,8665,OPHIHANN,,OPHIHANN55,3ftx,1
Oh_gene4_s13265nohit,Ophiophagus hannah,8665,OPHIHANN,,OPHIHANN56,3ftx,1
Oh_gene5_12c1275c252chimeraVG,Ophiophagus hannah,8665,OPHIHANN,,OPHIHANN57,3ftx,1
Oh_gene7_s146358VG,Ophiophagus hannah,8665,OPHIHANN,,OPHIHANN58,3ftx,1
Oh_gene9_s16934nohit,Ophiophagus hannah,8665,OPHIHANN,,OPHIHANN59,3ftx,1
Oh_gene15_ex2,Ophiophagus hannah,8665,OPHIHANN,,OPHIHANN6,3ftx,1
O_hannah_225547743,Ophiophagus hannah,8665,OPHIHANN,225547743,OPHIHANN60,crisp,1
O_hannah_28972960,Ophiophagus hannah,8665,OPHIHANN,28972960,OPHIHANN61,crisp,1
O_hannah_32423811,Ophiophagus hannah,8665,OPHIHANN,32423811,OPHIHANN62,crisp,1
Oh_CRISP_g1,Ophiophagus hannah,8665,OPHIHANN,,OPHIHANN63,crisp,1
Oh_CRISP_g2,Ophiophagus hannah,8665,OPHIHANN,,OPHIHANN64,crisp,1
Oh_CRISP_g3,Ophiophagus hannah,8665,OPHIHANN,,OPHIHANN65,crisp,1
Oh_gene1_s799,Ophiophagus hannah,8665,OPHIHANN,,OPHIHANN66,cystatin,1
Oh_gene3_s1516,Ophiophagus hannah,8665,OPHIHANN,,OPHIHANN67,cystatin,1
Oh_gene4_s5579,Ophiophagus hannah,8665,OPHIHANN,,OPHIHANN68,cystatin,1
Oh_gene5_unknown,Ophiophagus hannah,8665,OPHIHANN,,OPHIHANN69,cystatin,1
Oh_gene16_ex2,Ophiophagus hannah,8665,OPHIHANN,,OPHIHANN7,3ftx,1
Oh_s1163_gene1,Ophiophagus hannah,8665,OPHIHANN,,OPHIHANN70,hyaluronidase,1
Oh_s1163_gene2,Ophiophagus hannah,8665,OPHIHANN,,OPHIHANN71,hyaluronidase,1
Oh_VG_contig33924,Ophiophagus hannah,8665,OPHIHANN,,OPHIHANN72,kallikrein,1
Oh_VG_contig51250,Ophiophagus hannah,8665,OPHIHANN,,OPHIHANN73,kallikrein,1
Oh_VG_contig51552,Ophiophagus hannah,8665,OPHIHANN,,OPHIHANN74,kallikrein,1
Oh_gene1_s235,Ophiophagus hannah,8665,OPHIHANN,,OPHIHANN75,kallikrein,1
O_hannah_126035667,Ophiophagus hannah,8665,OPHIHANN,126035667,OPHIHANN76,kallikrein,1
Oh_gene4_s526380,Ophiophagus hannah,8665,OPHIHANN,,OPHIHANN77,kallikrein,1
O_hannah_126035643,Ophiophagus hannah,8665,OPHIHANN,126035643,OPHIHANN78,lao,1
Oh_s11029_gene2,Ophiophagus hannah,8665,OPHIHANN,,OPHIHANN79,lao,1
Oh_gene17_ex2,Ophiophagus hannah,8665,OPHIHANN,,OPHIHANN8,3ftx,1
Oh_s1289_gene1,Ophiophagus hannah,8665,OPHIHANN,,OPHIHANN80,lao,1
Oh_gene10_8808,Ophiophagus hannah,8665,OPHIHANN,,OPHIHANN81,lectin,1
Oh_gene1_3522,Ophiophagus hannah,8665,OPHIHANN,,OPHIHANN82,lectin,1
Oh_gene2_3522,Ophiophagus hannah,8665,OPHIHANN,,OPHIHANN83,lectin,1
Oh_gene4_7459,Ophiophagus hannah,8665,OPHIHANN,,OPHIHANN84,lectin,1
Oh_gene5_7459,Ophiophagus hannah,8665,OPHIHANN,,OPHIHANN85,lectin,1
Oh_gene6_7459,Ophiophagus hannah,8665,OPHIHANN,,OPHIHANN86,lectin,1
Oh_gene7_7459,Ophiophagus hannah,8665,OPHIHANN,,OPHIHANN87,lectin,1
Oh_gene8_8157,Ophiophagus hannah,8665,OPHIHANN,,OPHIHANN88,lectin,1
Oh_gene9_8808,Ophiophagus hannah,8665,OPHIHANN,,OPHIHANN89,lectin,1
Oh_gene18_ex2,Ophiophagus hannah,8665,OPHIHANN,,OPHIHANN9,3ftx,1
Oh_gene2_s2616,Ophiophagus hannah,8665,OPHIHANN,,OPHIHANN90,ngf,1
Oh_gene3_s12849,Ophiophagus hannah,8665,OPHIHANN,,OPHIHANN91,ngf,1
O_hannah_124007158,Ophiophagus hannah,8665,OPHIHANN,124007158,OPHIHANN92,svmp,1
Oh_gene1_s3444,Ophiophagus hannah,8665,OPHIHANN,,OPHIHANN93,svmp,1
Oh_gene2_s3444,Ophiophagus hannah,8665,OPHIHANN,,OPHIHANN94,svmp,1
Oh_gene3_s3444,Ophiophagus hannah,8665,OPHIHANN,,OPHIHANN95,svmp,1
Oh_gene4_s142,Ophiophagus hannah,8665,OPHIHANN,,OPHIHANN96,svmp,1
oh_1131_ExtractedCDS,Ophiophagus hannah,8665,OPHIHANN,,OPHIHANN97,svmp,1
oh_1840_ExtractedCDS,Ophiophagus hannah,8665,OPHIHANN,,OPHIHANN98,svmp,1
oh_3768_ExtractedCDS,Ophiophagus hannah,8665,OPHIHANN,,OPHIHANN99,svmp,1
Oreochromis_niloticus_348544694,Oreochromis niloticus,8128,OREONILO,348544694,OREONILO1,lao,0
O_cuniculus_291396348,Oryctolagus cuniculus,9986,ORYCCUNI,291396348,ORYCCUNI1,crisp,0
Oryctolagus_cuniculus_291391182,Oryctolagus cuniculus,9986,ORYCCUNI,291391182,ORYCCUNI2,hyaluronidase,0
Oryctolagus_cuniculus_291399385,Oryctolagus cuniculus,9986,ORYCCUNI,291399385,ORYCCUNI3,pla2,0
O_microlepidotus_71725669,Oxyuranus microlepidotus,111177,OXYUMICR,71725669,OXYUMICR1,crisp,1
O_microlepidotus_73346655,Oxyuranus microlepidotus,111177,OXYUMICR,73346655,OXYUMICR2,crisp,1
O_microlepidotus_76886010,Oxyuranus microlepidotus,111177,OXYUMICR,76886010,OXYUMICR3,ngf,1
O_microlepidotus_76886012,Oxyuranus microlepidotus,111177,OXYUMICR,76886012,OXYUMICR4,ngf,1
Oxyuranus_microlepidotus_239618536,Oxyuranus microlepidotus,111177,OXYUMICR,239618536,OXYUMICR5,cystatin,1
O_microlep_66475083,Oxyuranus scutellatus scutellatus,8667,OXYUSCUS,66475083,OXYUSCUS1,pla2,1
O_microlep_71066731,Oxyuranus microlepidotus,111177,OXYUMICR,71066731,OXYUMICR7,pla2,1
O_microlep_71066733,Oxyuranus microlepidotus,111177,OXYUMICR,71066733,OXYUMICR8,pla2,1
O_microlep_71066735,Oxyuranus microlepidotus,111177,OXYUMICR,71066735,OXYUMICR9,pla2,1
O_scutellatus_68304015,Oxyuranus scutellatus,8668,OXYUSCUT,68304015,OXYUSCUT1,lao,1
O_scutellatus_71066729,Oxyuranus scutellatus,8668,OXYUSCUT,71066729,OXYUSCUT10,pla2,1
O_scutellatus_71725667,Oxyuranus scutellatus,8668,OXYUSCUT,71725667,OXYUSCUT2,crisp,1
O_scutellatus_71725726,Oxyuranus scutellatus,8668,OXYUSCUT,71725726,OXYUSCUT3,ngf,1
Oxyuranus_scutellatus_239618538,Oxyuranus scutellatus,8668,OXYUSCUT,239618538,OXYUSCUT4,cystatin,1
O_scutellatus_66475085,Oxyuranus scutellatus scutellatus,8667,OXYUSCUS,66475085,OXYUSCUS2,pla2,1
O_scutellatus_71066717,Oxyuranus scutellatus,8668,OXYUSCUT,71066717,OXYUSCUT6,pla2,1
O_scutellatus_71066719,Oxyuranus scutellatus,8668,OXYUSCUT,71066719,OXYUSCUT7,pla2,1
O_scutellatus_71066723,Oxyuranus scutellatus,8668,OXYUSCUT,71066723,OXYUSCUT8,pla2,1
O_scutellatus_71066727,Oxyuranus scutellatus,8668,OXYUSCUT,71066727,OXYUSCUT9,pla2,1
P_troglodytes_332868495,Pan troglodytes,9598,PANTROG,332868495,PANTROG1,hyaluronidase,0
Pan_troglodytes_60115697,Pan troglodytes,9598,PANTROG,60115697,PANTROG2,3ftx,0
Pan_troglodytes_332840560,Pan troglodytes,9598,PANTROG,332840560,PANTROG3,pla2,0
P_olfersii_114438238,Philodryas olfersii,120305,PHILOLFE,114438238,PHILOLFE1,kallikrein,1
P_olfersii_114438253,Philodryas olfersii,120305,PHILOLFE,114438253,PHILOLFE2,crisp,1
P_olfersii_73346686,Philodryas olfersii,120305,PHILOLFE,73346686,PHILOLFE3,crisp,1
P_olfersii_73348246,Philodryas olfersii,120305,PHILOLFE,73348246,PHILOLFE4,kallikrein,1
P_olfersii_73348307,Philodryas olfersii,120305,PHILOLFE,73348307,PHILOLFE5,kallikrein,1
P_olfersii_73348349,Philodryas olfersii,120305,PHILOLFE,73348349,PHILOLFE6,kallikrein,1
P_olfersii_73348383,Philodryas olfersii,120305,PHILOLFE,73348383,PHILOLFE7,kallikrein,1
P_olfersii_73348403,Philodryas olfersii,120305,PHILOLFE,73348403,PHILOLFE8,kallikrein,1
Philodryas_olfersii_156485277,Philodryas olfersii,120305,PHILOLFE,156485277,PHILOLFE9,lectin,1
Pogona_barbata_73347453,Pogona barbata,52202,POGOBARB,73347453,POGOBARB1,cystatin,0
P_abelii_297678315,Pongo abelii,9601,PONGABEL,297678315,PONGABEL1,crisp,0
P_abelii_297681389,Pongo abelii,9601,PONGABEL,297681389,PONGABEL2,hyaluronidase,0
Pongo_abelii_297683785,Pongo abelii,9601,PONGABEL,297683785,PONGABEL3,3ftx,0
Pongo_abelii_297693166,Pongo abelii,9601,PONGABEL,297693166,PONGABEL4,pla2,0
P_elegans_15991221,Protobothrops elegans,88086,PROTELEG,15991221,PROTELEG1,svmp,1
P_jerdonii_9988778,Protobothrops jerdonii,242841,PROTJERD,9988778,PROTJERD1,kallikrein,1
T_jerdonii_30171826,Protobothrops jerdonii,242841,PROTJERD,30171826,PROTJERD2,crisp,1
P_mucrosquamatus_602601,Protobothrops mucrosquamatus,103944,PROTMUCR,602601,PROTMUCR1,kallikrein,1
T_mucrosquamatus_1778012,Protobothrops mucrosquamatus,103944,PROTMUCR,1778012,PROTMUCR2,crisp,1
P_mossambicus_156485215,Psammophis mossambicus,234064,PSAMMOSS,156485215,PSAMMOSS1,3ftx,1
O_apodus_300872826,Pseudopus apodus,672774,PSEUAPOD,300872826,PSEUAPOD1,crisp,1
Ophisaurus_apodus_300872912,Pseudopus apodus,672774,PSEUAPOD,300872912,PSEUAPOD2,lectin,1
P_australis_23264041,Pseudechis australis,8670,PSEUAUST,23264041,PSEUAUST1,crisp,1
P_australis_71066777,Pseudechis australis,8670,PSEUAUST,71066777,PSEUAUST10,pla2,1
P_australis_71066779,Pseudechis australis,8670,PSEUAUST,71066779,PSEUAUST11,pla2,1
P_australis_71066781,Pseudechis australis,8670,PSEUAUST,71066781,PSEUAUST12,pla2,1
P_australis_71066783,Pseudechis australis,8670,PSEUAUST,71066783,PSEUAUST13,pla2,1
P_australis_71066785,Pseudechis australis,8670,PSEUAUST,71066785,PSEUAUST14,pla2,1
P_australis_71066787,Pseudechis australis,8670,PSEUAUST,71066787,PSEUAUST15,pla2,1
P_australis_68304019,Pseudechis australis,8670,PSEUAUST,68304019,PSEUAUST2,lao,1
P_australis_76886026,Pseudechis australis,8670,PSEUAUST,76886026,PSEUAUST3,ngf,1
P_australis_76886028,Pseudechis australis,8670,PSEUAUST,76886028,PSEUAUST4,ngf,1
P_australis_76886030,Pseudechis australis,8670,PSEUAUST,76886030,PSEUAUST5,ngf,1
Pseudechis_australis_239618542,Pseudechis australis,8670,PSEUAUST,239618542,PSEUAUST6,cystatin,1
P_australis_295841594,Pseudechis cf. australis HI-2009,690477,PSEUCFAH,295841594,PSEUCFAH1,pla2,1
P_australis_295841596,Pseudechis cf. australis HI-2009,690477,PSEUCFAH,295841596,PSEUCFAH2,pla2,1
P_australis_295841604,Pseudechis cf. australis HI-2009,690477,PSEUCFAH,295841604,PSEUCFAH3,pla2,1
P_porphyriacus_23264043,Pseudechis porphyriacus,8671,PSEUPORP,23264043,PSEUPORP1,crisp,1
P_porphyriacus_76886024,Pseudechis porphyriacus,8671,PSEUPORP,76886024,PSEUPORP2,ngf,1
Pseudechis_porphyriacus_239618540,Pseudechis porphyriacus,8671,PSEUPORP,239618540,PSEUPORP3,cystatin,1
P_porphyriacus_71066789,Pseudechis porphyriacus,8671,PSEUPORP,71066789,PSEUPORP4,pla2,1
P_porphyriacus_71066791,Pseudechis porphyriacus,8671,PSEUPORP,71066791,PSEUPORP5,pla2,1
P_porphyriacus_71066793,Pseudechis porphyriacus,8671,PSEUPORP,71066793,PSEUPORP6,pla2,1
P_porphyriacus_71066795,Pseudechis porphyriacus,8671,PSEUPORP,71066795,PSEUPORP7,pla2,1
P_porphyriacus_71066799,Pseudechis porphyriacus,8671,PSEUPORP,71066799,PSEUPORP8,pla2,1
P_textilis_71725671,Pseudonaja textilis,8673,PSEUTEXT,71725671,PSEUTEXT1,crisp,1
P_textilis_76886014,Pseudonaja textilis,8673,PSEUTEXT,76886014,PSEUTEXT2,ngf,1
P_textilis_76886016,Pseudonaja textilis,8673,PSEUTEXT,76886016,PSEUTEXT3,ngf,1
Pseudo_textilis_145699566,Pseudonaja textilis,8673,PSEUTEXT,145699566,PSEUTEXT4,lectin,1
Pseudonaja_textilis_239618534,Pseudonaja textilis,8673,PSEUTEXT,239618534,PSEUTEXT5,cystatin,1
P_textilis_187764368,Pseudonaja textilis,8673,PSEUTEXT,187764368,PSEUTEXT6,pla2,1
P_textilis_5230715,Pseudonaja textilis,8673,PSEUTEXT,5230715,PSEUTEXT7,pla2,1
P_textilis_71066743,Pseudonaja textilis,8673,PSEUTEXT,71066743,PSEUTEXT8,pla2,1
P_textilis_71066751,Pseudonaja textilis,8673,PSEUTEXT,71066751,PSEUTEXT9,pla2,1
P_molurus_comp12047c0seq1,Python molurus,51750,PYTHMOLU,,PYTHMOLU1,3ftx,0
P_molurus_c10982.2,Python molurus,51750,PYTHMOLU,,PYTHMOLU10,lao,0
Python_molurus_contig15144,Python molurus,51750,PYTHMOLU,,PYTHMOLU11,ngf,0
P_molurus_comp8187,Python molurus,51750,PYTHMOLU,,PYTHMOLU12,svmp,0
P_molurus_comp125054,Python molurus,51750,PYTHMOLU,,PYTHMOLU13,svmp,0
P_molurus_comp101847,Python molurus,51750,PYTHMOLU,,PYTHMOLU14,svmp,0
P_molurus_comp128190,Python molurus,51750,PYTHMOLU,,PYTHMOLU15,svmp,0
P_molurus_comp179054,Python molurus,51750,PYTHMOLU,,PYTHMOLU16,svmp,0
P_molurus_comp1832,Python molurus,51750,PYTHMOLU,,PYTHMOLU17,svmp,0
P_molurus_comp40068,Python molurus,51750,PYTHMOLU,,PYTHMOLU18,svmp,0
P_molurus_comp23750,Python molurus,51750,PYTHMOLU,,PYTHMOLU19,svmp,0
P_molurus_comp142c0seq2,Python molurus,51750,PYTHMOLU,,PYTHMOLU2,3ftx,0
P_molurus_comp5787,Python molurus,51750,PYTHMOLU,,PYTHMOLU20,svmp,0
P_molurus_comp213138,Python molurus,51750,PYTHMOLU,,PYTHMOLU21,crisp,0
P_molurus_comp307c0seq1,Python molurus,51750,PYTHMOLU,,PYTHMOLU22,cystatin,0
P_molurus_comp371c1seq1,Python molurus,51750,PYTHMOLU,,PYTHMOLU23,cystatin,0
P_molurus_comp1035c0seq1,Python molurus,51750,PYTHMOLU,,PYTHMOLU24,cystatin,0
P_molurus_comp1934c0seq1,Python molurus,51750,PYTHMOLU,,PYTHMOLU25,cystatin,0
P_molurus_comp5074c0seq1,Python molurus,51750,PYTHMOLU,,PYTHMOLU26,hyaluronidase,0
P_molurus_comp8102c0seq5,Python molurus,51750,PYTHMOLU,,PYTHMOLU27,hyaluronidase,0
P_molurus_comp157083c0seq1,Python molurus,51750,PYTHMOLU,,PYTHMOLU28,hyaluronidase,0
P_molurus_comp188262c0seq1,Python molurus,51750,PYTHMOLU,,PYTHMOLU29,hyaluronidase,0
Python_molurus_contig04514,Python molurus,51750,PYTHMOLU,,PYTHMOLU3,hyaluronidase,0
P_molurus_comp316316c0seq1,Python molurus,51750,PYTHMOLU,,PYTHMOLU30,hyaluronidase,0
P_molurus_comp20996c0seq1,Python molurus,51750,PYTHMOLU,,PYTHMOLU31,kallikrein,0
P_molurus_comp33775c0seq4,Python molurus,51750,PYTHMOLU,,PYTHMOLU32,kallikrein,0
P_molurus_comp39c0seq1,Python molurus,51750,PYTHMOLU,,PYTHMOLU33,lectin,0
P_molurus_comp10718c0seq1,Python molurus,51750,PYTHMOLU,,PYTHMOLU34,lectin,0
P_molurus_comp72509c0seq1,Python molurus,51750,PYTHMOLU,,PYTHMOLU35,lectin,0
P_molurus_comp25686,Python molurus,51750,PYTHMOLU,,PYTHMOLU36,ngf,0
P_molurus_comp116401c0seq1,Python molurus,51750,PYTHMOLU,,PYTHMOLU37,pla2,0
P_molurus_comp14174c0seq3,Python molurus,51750,PYTHMOLU,,PYTHMOLU38,pla2,0
P_molurus_comp145949,Python molurus,51750,PYTHMOLU,,PYTHMOLU39,pla2,0
P_molurus_contig02483,Python molurus,51750,PYTHMOLU,,PYTHMOLU4,kallikrein,0
P_molurus_comp49370c0seq4,Python molurus,51750,PYTHMOLU,,PYTHMOLU40,pla2,0
P_molurus_comp5333c0seq2,Python molurus,51750,PYTHMOLU,,PYTHMOLU41,pla2,0
P_molurus_comp57107c0seq1,Python molurus,51750,PYTHMOLU,,PYTHMOLU42,pla2,0
P_molurus_comp150758,Python molurus,51750,PYTHMOLU,,PYTHMOLU5,lao,0
P_molurus_comp176597,Python molurus,51750,PYTHMOLU,,PYTHMOLU6,lao,0
P_molurus_comp226439,Python molurus,51750,PYTHMOLU,,PYTHMOLU7,lao,0
P_molurus_c4959.1,Python molurus,51750,PYTHMOLU,,PYTHMOLU8,lao,0
P_molurus_c12091.7,Python molurus,51750,PYTHMOLU,,PYTHMOLU9,lao,0
R_norvegicus_5295889,Rattus norvegicus,10116,RATTNORV,5295889,RATTNORV1,kallikrein,0
Rattus_norvegicus_204577,Rattus norvegicus,10116,RATTNORV,204577,RATTNORV2,ngf,0
Rattus_norvegicus_213688328,Rattus norvegicus,10116,RATTNORV,213688328,RATTNORV3,hyaluronidase,0
Rattus_norvegicus_51854250,Rattus norvegicus,10116,RATTNORV,51854250,RATTNORV4,lectin,0
Rattus_norvegicus_56541028,Rattus norvegicus,10116,RATTNORV,56541028,RATTNORV5,cystatin,0
Rattus_norvegicus_13928791,Rattus norvegicus,10116,RATTNORV,13928791,RATTNORV6,pla2,0
Rattus_norvegicus_157817898,Rattus norvegicus,10116,RATTNORV,157817898,RATTNORV7,pla2,0
R_tigrinus_73346757,Rhabdophis tigrinus,126484,RHABTIGR,73346757,RHABTIGR1,crisp,1
R_tigrinus_21326193,Rhabdophis tigrinus tigrinus,193080,RHABTIGT,21326193,RHABTIGT1,crisp,1
R_nigrescens_118151771,Cryptophis nigrescens,292442,CRYPNIGR,118151771,CRYPNIGR1,crisp,1
R_nigrescens_90103002,Cryptophis nigrescens,292442,CRYPNIGR,90103002,CRYPNIGR2,ngf,1
Rhinoplocephalus_nigrescens_239618548,Cryptophis nigrescens,292442,CRYPNIGR,239618548,CRYPNIGR3,cystatin,1
R_nigrescens_118151761,Cryptophis nigrescens,292442,CRYPNIGR,118151761,CRYPNIGR4,pla2,1
R_nigrescens_118151763,Cryptophis nigrescens,292442,CRYPNIGR,118151763,CRYPNIGR5,pla2,1
R_nigrescens_118151775,Cryptophis nigrescens,292442,CRYPNIGR,118151775,CRYPNIGR6,pla2,1
Saimiri_sciureus_2281120,Saimiri sciureus,9521,SAIMSCIU,2281120,SAIMSCIU1,cystatin,0
Salmo_salar_209148015,Salmo salar,8030,SALMSALA,209148015,SALMSALA1,hyaluronidase,0
Schistosoma_mansoni_256074136,Schistosoma mansoni,6183,SCHIMANS,256074136,SCHIMANS1,3ftx,0
S_catenatus_109254959,Sistrurus catenatus edwardsi,8762,SISTCATE,109254959,SISTCATE1,svmp,1
S_catenatus_109255013,Sistrurus catenatus edwardsi,8762,SISTCATE,109255013,SISTCATE10,3ftx,1
S_catenatus_109254969,Sistrurus catenatus edwardsi,8762,SISTCATE,109254969,SISTCATE2,svmp,1
S_catenatus_109254983,Sistrurus catenatus edwardsi,8762,SISTCATE,109254983,SISTCATE3,ngf,1
S_catenatus_109254987,Sistrurus catenatus edwardsi,8762,SISTCATE,109254987,SISTCATE4,crisp,1
S_catenatus_109254995,Sistrurus catenatus edwardsi,8762,SISTCATE,109254995,SISTCATE5,lao,1
S_catenatus_109255019,Sistrurus catenatus edwardsi,8762,SISTCATE,109255019,SISTCATE6,3ftx,1
S_catenatus_109255015,Sistrurus catenatus edwardsi,8762,SISTCATE,109255015,SISTCATE7,3ftx,1
S_catenatus_109255011,Sistrurus catenatus edwardsi,8762,SISTCATE,109255011,SISTCATE8,3ftx,1
S_catenatus_109255017,Sistrurus catenatus edwardsi,8762,SISTCATE,109255017,SISTCATE9,3ftx,1
Sistrurus_catenatus_45934755,Sistrurus catenatus tergeminus,8757,SISTCATT,45934755,SISTCATT1,pla2,1
Spirinchus_lanceolatus_76559861,Spirinchus lanceolatus,136040,SPIRLANC,76559861,SPIRLANC1,lectin,0
Sus_scrofa_298228990,Sus scrofa,9823,SUSSCRO,298228990,SUSSCRO1,lectin,0
Sus_scrofa_311249460,Sus scrofa,9823,SUSSCRO,311249460,SUSSCRO2,lao,0
S_scrofa_47523425,Sus scrofa,9823,SUSSCRO,47523425,SUSSCRO3,3ftx,0
S_nigriceps_262479373,Suta nigriceps,687874,SUTANIGR,262479373,SUTANIGR1,pla2,1
S_nigriceps_262479375,Suta nigriceps,687874,SUTANIGR,262479375,SUTANIGR2,pla2,1
S_nigriceps_262479377,Suta nigriceps,687874,SUTANIGR,262479377,SUTANIGR3,pla2,1
S_nigriceps_262479383,Suta nigriceps,687874,SUTANIGR,262479383,SUTANIGR4,pla2,1
Taeniopygia_guttata_224093516,Taeniopygia guttata,59729,TAENGUTT,224093516,TAENGUTT1,hyaluronidase,0
Taeniopygia_guttata_224072674,Taeniopygia guttata,59729,TAENGUTT,224072674,TAENGUTT2,lao,0
T_guttata_224046793,Taeniopygia guttata,59729,TAENGUTT,224046793,TAENGUTT3,3ftx,0
T_guttata_350538290,Taeniopygia guttata,59729,TAENGUTT,350538290,TAENGUTT4,3ftx,0
Taeniopygia_guttata_224044044,Taeniopygia guttata,59729,TAENGUTT,224044044,TAENGUTT5,pla2,0
Taeniopygia_guttata_224071975,Taeniopygia guttata,59729,TAENGUTT,224071975,TAENGUTT6,pla2,0
T_dhara_156485219,Telescopus dhara,338837,TELEDHAR,156485219,TELEDHAR1,3ftx,1
T_dhara_156485235,Telescopus dhara,338837,TELEDHAR,156485235,TELEDHAR2,3ftx,1
T_dhara_156485237,Telescopus dhara,338837,TELEDHAR,156485237,TELEDHAR3,3ftx,1
T_dhara_156485249,Telescopus dhara,338837,TELEDHAR,156485249,TELEDHAR4,3ftx,1
T_dhara_73346842,Telescopus dhara,338837,TELEDHAR,73346842,TELEDHAR5,crisp,1
T_elegans_contig16650,Thamnophis elegans,35005,THAMELEG,,THAMELEG1,3ftx,0
T_elegans_contig80712,Thamnophis elegans,35005,THAMELEG,,THAMELEG10,3ftx,0
T_elegans_contig80975,Thamnophis elegans,35005,THAMELEG,,THAMELEG11,3ftx,0
Thamnophis_elegans_FS3E17002JWJ3Z,Thamnophis elegans,35005,THAMELEG,,THAMELEG12,lectin,0
Thamnophis_elegans_FT7MHCY03HENJL,Thamnophis elegans,35005,THAMELEG,,THAMELEG13,ngf,0
Thamnophis_elegans_FT7MHCY04JXDKL,Thamnophis elegans,35005,THAMELEG,,THAMELEG14,cystatin,0
Thamnophis_elegans_contig03053,Thamnophis elegans,35005,THAMELEG,,THAMELEG15,lectin,0
Thamnophis_elegans_contig03054,Thamnophis elegans,35005,THAMELEG,,THAMELEG16,lectin,0
Thamnophis_elegans_contig09079,Thamnophis elegans,35005,THAMELEG,,THAMELEG17,hyaluronidase,0
Thamnophis_elegans_contig09116,Thamnophis elegans,35005,THAMELEG,,THAMELEG18,cystatin,0
Thamnophis_elegans_contig10774,Thamnophis elegans,35005,THAMELEG,,THAMELEG19,lectin,0
T_elegans_contig57679,Thamnophis elegans,35005,THAMELEG,,THAMELEG2,3ftx,0
Thamnophis_elegans_contig18440,Thamnophis elegans,35005,THAMELEG,,THAMELEG20,cystatin,0
Thamnophis_elegans_contig23410,Thamnophis elegans,35005,THAMELEG,,THAMELEG21,hyaluronidase,0
Thamnophis_elegans_contig26789,Thamnophis elegans,35005,THAMELEG,,THAMELEG22,hyaluronidase,0
Thamnophis_elegans_contig56006,Thamnophis elegans,35005,THAMELEG,,THAMELEG23,cystatin,0
Thamnophis_elegans_contig66504,Thamnophis elegans,35005,THAMELEG,,THAMELEG24,cystatin,0
Thamnophis_elegans_contig75753,Thamnophis elegans,35005,THAMELEG,,THAMELEG25,cystatin,0
T_elegans_contig69375,Thamnophis elegans,35005,THAMELEG,,THAMELEG3,kallikrein,0
T_elegans_contig74768,Thamnophis elegans,35005,THAMELEG,,THAMELEG4,3ftx,0
T_elegans_contig75265,Thamnophis elegans,35005,THAMELEG,,THAMELEG5,3ftx,0
T_elegans_contig75493,Thamnophis elegans,35005,THAMELEG,,THAMELEG6,3ftx,0
T_elegans_contig75937,Thamnophis elegans,35005,THAMELEG,,THAMELEG7,kallikrein,0
T_elegans_contig77142,Thamnophis elegans,35005,THAMELEG,,THAMELEG8,kallikrein,0
T_elegans_contig78952,Thamnophis elegans,35005,THAMELEG,,THAMELEG9,kallikrein,0
T_jacksoni_156485241,Thrasops jacksoni,186611,THRAJACK,156485241,THRAJACK1,3ftx,1
T_jacksoni_156485245,Thrasops jacksoni,186611,THRAJACK,156485245,THRAJACK2,3ftx,1
T_jacksoni_156485247,Thrasops jacksoni,186611,THRAJACK,156485247,THRAJACK3,3ftx,1
T_jacksoni_156485811,Thrasops jacksoni,186611,THRAJACK,156485811,THRAJACK4,3ftx,1
Thrasops_jacksoni_156485269,Thrasops jacksoni,186611,THRAJACK,156485269,THRAJACK5,lectin,1
T_biscutatus_156485227,Trimorphodon biscutatus,338818,TRIMBISC,156485227,TRIMBISC1,3ftx,1
T_biscutatus_156485231,Trimorphodon biscutatus,338818,TRIMBISC,156485231,TRIMBISC2,3ftx,1
T_biscutatus_156485233,Trimorphodon biscutatus,338818,TRIMBISC,156485233,TRIMBISC3,3ftx,1
T_biscutatus_73346950,Trimorphodon biscutatus,338818,TRIMBISC,73346950,TRIMBISC4,crisp,1
T_biscutatus_156485283,Trimorphodon biscutatus,338818,TRIMBISC,156485283,TRIMBISC5,pla2,1
P_flavoviridis_14325766,Trimeresurus flavoviridis,88087,TRIMFLAV,14325766,TRIMFLAV1,svmp,1
P_flavoviridis_171854640,Trimeresurus flavoviridis,88087,TRIMFLAV,171854640,TRIMFLAV2,ngf,1
P_flavoviridis_2114117,Trimeresurus flavoviridis,88087,TRIMFLAV,2114117,TRIMFLAV3,kallikrein,1
Protobothrops_flavoviridis_1402641,Trimeresurus flavoviridis,88087,TRIMFLAV,1402641,TRIMFLAV4,lectin,1
T_flavoviridis_21305552,Trimeresurus flavoviridis,88087,TRIMFLAV,21305552,TRIMFLAV5,crisp,1
T_gracilis_190195324,Trimeresurus gracilis,109781,TRIMGRAC,190195324,TRIMGRAC1,crisp,1
T_gracilis_190195326,Trimeresurus gracilis,109781,TRIMGRAC,190195326,TRIMGRAC2,crisp,1
Timeresurus_gracilis_59727070,Trimeresurus gracilis,109781,TRIMGRAC,59727070,TRIMGRAC3,pla2,1
T_gramineus_2114121,Trimeresurus gramineus,8767,TRIMGRAM,2114121,TRIMGRAM1,kallikrein,1
T_carinatus_118151769,Tropidechis carinatus,100989,TROPCARI,118151769,TROPCARI1,crisp,1
T_carinatus_76886036,Tropidechis carinatus,100989,TROPCARI,76886036,TROPCARI2,ngf,1
T_carinatus_76886038,Tropidechis carinatus,100989,TROPCARI,76886038,TROPCARI3,ngf,1
T_carinatus_76886040,Tropidechis carinatus,100989,TROPCARI,76886040,TROPCARI4,ngf,1
T_carinatus_76886042,Tropidechis carinatus,100989,TROPCARI,76886042,TROPCARI5,ngf,1
T_carinatus_76886044,Tropidechis carinatus,100989,TROPCARI,76886044,TROPCARI6,ngf,1
Tropidechis_carinatus_239618544,Tropidechis carinatus,100989,TROPCARI,239618544,TROPCARI7,cystatin,1
T_carinatus_118151767,Tropidechis carinatus,100989,TROPCARI,118151767,TROPCARI8,pla2,1
T_carinatus_71066773,Tropidechis carinatus,100989,TROPCARI,71066773,TROPCARI9,pla2,1
V_acanthurus_73345909,Varanus acanthurus,62035,VARAACAN,73345909,VARAACAN1,crisp,1
V_acanthurus_73345968,Varanus acanthurus,62035,VARAACAN,73345968,VARAACAN2,crisp,1
V_acanthurus_73346056,Varanus acanthurus,62035,VARAACAN,73346056,VARAACAN3,crisp,1
V_acanthurus_73347633,Varanus acanthurus,62035,VARAACAN,73347633,VARAACAN4,kallikrein,1
Varanus_acanthurus_73349325,Varanus acanthurus,62035,VARAACAN,73349325,VARAACAN5,ngf,1
V_gilleni_300872836,Varanus gilleni,169840,VARAGILL,300872836,VARAGILL1,crisp,1
V_gilleni_300872862,Varanus gilleni,169840,VARAGILL,300872862,VARAGILL2,kallikrein,1
V_glauerti_300872864,Varanus glauerti,169841,VARAGLAU,300872864,VARAGLAU1,kallikrein,1
V_glauerti_300872876,Varanus glauerti,169841,VARAGLAU,300872876,VARAGLAU2,kallikrein,1
V_gouldii_300872832,Varanus gouldii,62042,VARAGOUL,300872832,VARAGOUL1,crisp,1
V_gouldii_300872858,Varanus gouldii,62042,VARAGOUL,300872858,VARAGOUL2,kallikrein,1
V_gouldii_300872868,Varanus gouldii,62042,VARAGOUL,300872868,VARAGOUL3,kallikrein,1
V_gouldii_300872872,Varanus gouldii,62042,VARAGOUL,300872872,VARAGOUL4,kallikrein,1
V_gouldii_300872880,Varanus gouldii,62042,VARAGOUL,300872880,VARAGOUL5,kallikrein,1
V_gouldii_300872886,Varanus gouldii,62042,VARAGOUL,300872886,VARAGOUL6,kallikrein,1
V_indicus_300872860,Varanus indicus,62043,VARAINDI,300872860,VARAINDI1,kallikrein,1
V_indicus_300872866,Varanus indicus,62043,VARAINDI,300872866,VARAINDI2,kallikrein,1
Varanus_indicus_300872914,Varanus indicus,62043,VARAINDI,300872914,VARAINDI3,lectin,1
V_komodoensis_166798235,Varanus komodoensis,61221,VARAKOMO,166798235,VARAKOMO1,crisp,1
V_komodoensis_166798237,Varanus komodoensis,61221,VARAKOMO,166798237,VARAKOMO2,kallikrein,1
V_komodoensis_166798239,Varanus komodoensis,61221,VARAKOMO,166798239,VARAKOMO3,kallikrein,1
V_mertensi_300872828,Varanus mertensi,62044,VARAMERT,300872828,VARAMERT1,crisp,1
V_mertensi_300872870,Varanus mertensi,62044,VARAMERT,300872870,VARAMERT2,kallikrein,1
V_mitchelli_73347670,Varanus mitchelli,62045,VARAMITC,73347670,VARAMITC1,kallikrein,1
V_panoptes_300872830,Varanus panoptes,169847,VARAPANO,300872830,VARAPANO1,crisp,1
V_panoptes_300872882,Varanus panoptes,169847,VARAPANO,300872882,VARAPANO2,kallikrein,1
V_scalaris_300872844,Varanus scalaris,169852,VARASCAL,300872844,VARASCAL1,crisp,1
V_scalaris_300872874,Varanus scalaris,169852,VARASCAL,300872874,VARASCAL2,kallikrein,1
V_scalaris_300872884,Varanus scalaris,169852,VARASCAL,300872884,VARASCAL3,kallikrein,1
V_tristis_300872838,Varanus tristis,62052,VARATRIS,300872838,VARATRIS1,crisp,1
V_tristis_300872878,Varanus tristis,62052,VARATRIS,300872878,VARATRIS2,kallikrein,1
V_varius_73347112,Varanus varius,8559,VARAVARI,73347112,VARAVARI1,crisp,1
V_varius_73347165,Varanus varius,8559,VARAVARI,73347165,VARAVARI2,crisp,1
V_berus_215262115,Vipera berus,31155,VIPEBERU,215262115,VIPEBERU1,crisp,1
V_nikolskii_215262113,Vipera nikolskii,110206,VIPENIKO,215262113,VIPENIKO1,crisp,1
Vipera_ursinii_296045674,Vipera ursinii,103942,VIPEURSI,296045674,VIPEURSI1,pla2,1
Trimeresurus_stejnegeri_4325093,Viridovipera stejnegeri,39682,VIRISTEJ,4325093,VIRISTEJ1,lectin,1
V_stejnegeri_190195330,Viridovipera stejnegeri,39682,VIRISTEJ,190195330,VIRISTEJ2,crisp,1
V_stejnegeri_190195332,Viridovipera stejnegeri,39682,VIRISTEJ,190195332,VIRISTEJ3,crisp,1
V_stejnegeri_190195334,Viridovipera stejnegeri,39682,VIRISTEJ,190195334,VIRISTEJ4,crisp,1
V_stejnegeri_33307100,Viridovipera stejnegeri,39682,VIRISTEJ,33307100,VIRISTEJ5,kallikrein,1
V_stejnegeri_33355626,Viridovipera stejnegeri,39682,VIRISTEJ,33355626,VIRISTEJ6,lao,1
V_stejnegeri_34014952,Viridovipera stejnegeri,39682,VIRISTEJ,34014952,VIRISTEJ7,lao,1
W_aegyptia_162145661,Walterinnesia aegyptia,64182,WALTAEGY,162145661,WALTAEGY1,pla2,1
Xenopus_laevis_148237086,Xenopus laevis,8355,XENOLAEV,148237086,XENOLAEV1,lectin,0
Xenopus_laevis_1654113,Xenopus laevis,8355,XENOLAEV,1654113,XENOLAEV2,ngf,0
Xenopus_laevis_455533,Xenopus laevis,8355,XENOLAEV,455533,XENOLAEV3,ngf,0
Xenopus_laevis_64914,Xenopus laevis,8355,XENOLAEV,64914,XENOLAEV4,ngf,0
Xenopus_laevis_148228155,Xenopus laevis,8355,XENOLAEV,148228155,XENOLAEV5,pla2,0
X_tropicalis_301608116,Xenopus (Silurana) tropicalis,8364,XENOTROP,301608116,XENOTROP1,crisp,0
Xenopus_tropicalis_148234653,Xenopus (Silurana) tropicalis,8364,XENOTROP,148234653,XENOTROP3,hyaluronidase,0
Xenopus_tropicalis_187607883,Xenopus (Silurana) tropicalis,8364,XENOTROP,187607883,XENOTROP4,hyaluronidase,0
Xenopus_tropicalis_301610172,Xenopus (Silurana) tropicalis,8364,XENOTROP,301610172,XENOTROP5,lectin,0
Xenopus_tropicalis_301610174,Xenopus (Silurana) tropicalis,8364,XENOTROP,301610174,XENOTROP6,lectin,0
Xenopus_tropicalis_301618495,Xenopus (Silurana) tropicalis,8364,XENOTROP,301618495,XENOTROP7,lao,0
Xenopus_tropicalis_301616435,Xenopus (Silurana) tropicalis,8364,XENOTROP,301616435,XENOTROP8,lao,0
Xenopus_tropicalis_301618501,Xenopus (Silurana) tropicalis,8364,XENOTROP,301618501,XENOTROP9,pla2,0
Xiphophorus_maculatus_65275,Xiphophorus maculatus,8083,XIPHMACU,65275,XIPHMACU1,ngf,0
Xiphpophorus_maculatus_642673,Xiphophorus maculatus,8083,XIPHMACU,642673,XIPHMACU2,ngf,0